City_ID,City,Cloudiness,Country,Date,Humidity,Lat,Lng,Max Temp,Wind Speed
0,Moron,0,AR,2022-02-07 20:43:50,49,-34.6534,-58.6198,78.03,6.08
1,Busselton,11,AU,2022-02-07 20:43:50,87,-33.65,115.3333,59.04,2.73
2,Chokurdakh,97,RU,2022-02-07 20:43:51,100,70.6333,147.9167,-45.42,5.08
3,Yellowknife,75,CA,2022-02-07 20:39:21,88,62.456,-114.3525,-0.58,12.66
4,Chicama,70,PE,2022-02-07 20:43:51,56,-7.8447,-79.1469,66.74,11.25
5,Kahului,0,US,2022-02-07 20:43:51,66,20.8947,-156.47,80.96,21.85
6,Port Elizabeth,0,ZA,2022-02-07 20:43:52,94,-33.918,25.5701,64.69,6.91
7,Xichang,6,CN,2022-02-07 20:43:52,77,27.8964,102.2634,37.63,2.95
8,Kampong Chhnang,72,KH,2022-02-07 20:43:52,77,12.1667,104.55,76.6,6.02
9,Hermanus,23,ZA,2022-02-07 20:43:53,92,-34.4187,19.2345,65.8,5.84
10,Butaritari,53,KI,2022-02-07 20:43:53,74,3.0707,172.7902,82.31,17.6
11,Rikitea,57,PF,2022-02-07 20:43:53,75,-23.1203,-134.9692,78.82,12.82
12,Bambous Virieux,40,MU,2022-02-07 20:43:54,83,-20.3428,57.7575,79.05,6.91
13,Cartagena Del Chaira,100,CO,2022-02-07 20:43:54,94,1.3349,-74.8429,75.4,1.81
14,Sinnamary,91,GF,2022-02-07 20:43:54,84,5.3833,-52.95,79.0,9.53
15,Morondava,97,MG,2022-02-07 20:43:55,82,-20.2833,44.2833,81.25,21.36
16,Mataura,3,NZ,2022-02-07 20:43:55,61,-46.1927,168.8643,54.48,1.48
17,Hasaki,100,JP,2022-02-07 20:43:55,69,35.7333,140.8333,34.29,6.78
18,Iqaluit,100,CA,2022-02-07 20:43:55,63,63.7506,-68.5145,-11.31,5.75
19,Albany,100,US,2022-02-07 20:39:14,81,42.6001,-73.9662,38.68,1.36
20,Saint-Philippe,100,RE,2022-02-07 20:43:56,87,-21.3585,55.7679,78.35,12.21
21,Qaanaaq,100,GL,2022-02-07 20:43:56,60,77.484,-69.3632,-2.58,8.84
22,Poso,84,ID,2022-02-07 20:43:57,71,-1.3959,120.7524,77.77,2.93
23,Chuy,39,UY,2022-02-07 20:43:57,62,-33.6971,-53.4616,70.41,15.75
24,Punta Arenas,100,CL,2022-02-07 20:43:57,94,-53.15,-70.9167,62.62,8.05
25,Claveria,100,PH,2022-02-07 20:43:57,87,18.6074,121.0832,73.45,7.02
26,Coquimbo,0,CL,2022-02-07 20:43:16,60,-29.9533,-71.3436,71.33,11.5
27,Codrington,0,AU,2022-02-07 20:43:58,55,-38.2667,141.9667,62.67,6.11
28,Carnarvon,7,AU,2022-02-07 20:43:58,60,-24.8667,113.6333,69.87,18.41
29,Esperance,100,AU,2022-02-07 20:43:58,63,-33.8667,121.9,58.84,17.81
30,Palmer,100,US,2022-02-07 20:43:59,93,42.1584,-72.3287,38.73,8.05
31,Vaini,75,TO,2022-02-07 20:43:59,89,-21.2,-175.2,78.96,24.32
32,Ushuaia,40,AR,2022-02-07 20:39:14,49,-54.8,-68.3,69.46,10.36
33,Biak,77,ID,2022-02-07 20:44:00,75,-0.9131,122.8766,75.47,1.92
34,Baie-Comeau,100,CA,2022-02-07 20:39:46,93,49.2168,-68.1489,21.2,12.66
35,Longyearbyen,100,SJ,2022-02-07 20:44:00,93,78.2186,15.6401,17.44,3.44
36,Mar Del Plata,75,AR,2022-02-07 20:43:25,75,-38.0023,-57.5575,66.22,12.66
37,Kapaa,40,US,2022-02-07 20:44:01,72,22.0752,-159.319,77.32,14.97
38,Bethel,100,US,2022-02-07 20:44:01,89,41.3712,-73.414,38.05,4.61
39,Temax,58,MX,2022-02-07 20:44:01,79,21.15,-88.9333,76.95,3.74
40,Pevek,25,RU,2022-02-07 20:44:01,98,69.7008,170.3133,-29.07,3.53
41,Thompson,40,CA,2022-02-07 20:44:02,79,55.7435,-97.8558,17.76,9.22
42,Port Alfred,29,ZA,2022-02-07 20:44:02,90,-33.5906,26.891,73.31,7.49
43,Poshekhonye,100,RU,2022-02-07 20:44:02,97,58.4993,39.1353,27.18,9.01
44,Puerto Ayora,4,EC,2022-02-07 20:40:16,64,-0.7393,-90.3518,80.56,8.52
45,Nelson Bay,85,AU,2022-02-07 20:44:03,95,-32.7167,152.15,64.0,6.04
46,Griffith,100,US,2022-02-07 20:43:23,69,41.5284,-87.4237,27.05,9.22
47,Tilichiki,12,RU,2022-02-07 20:44:03,85,60.4667,166.1,-13.74,8.37
48,Vernon,7,CA,2022-02-07 20:42:28,52,50.2581,-119.2691,52.23,4.61
49,Cape Town,75,ZA,2022-02-07 20:44:44,87,-33.9258,18.4232,70.09,12.66
50,Hefei,100,CN,2022-02-07 20:44:50,100,31.8639,117.2808,32.02,6.71
51,Halmstad,85,SE,2022-02-07 20:45:04,89,56.6745,12.8568,38.32,3.44
52,Verkhoyansk,89,RU,2022-02-07 20:45:04,100,67.5447,133.385,-44.14,1.83
53,Hami,1,CN,2022-02-07 20:45:05,41,42.8,93.45,24.51,2.13
54,Dikson,100,RU,2022-02-07 20:45:05,92,73.5069,80.5464,0.9,27.34
55,Pueblo,0,US,2022-02-07 20:42:27,26,38.2545,-104.6091,57.96,10.36
56,Kruisfontein,79,ZA,2022-02-07 20:45:05,63,-34.0033,24.7314,68.41,2.55
57,Ternate,67,ID,2022-02-07 20:45:06,82,0.8,127.4,79.3,4.88
58,Sandane,100,NO,2022-02-07 20:45:06,87,61.7728,6.215,40.3,6.91
59,Lodingen,99,NO,2022-02-07 20:45:06,92,68.414,15.9951,32.43,4.12
60,Tuktoyaktuk,20,CA,2022-02-07 20:45:07,67,69.4541,-133.0374,-34.6,11.5
61,Barrow,20,US,2022-02-07 20:45:07,75,71.2906,-156.7887,-27.38,6.91
62,Buala,100,SB,2022-02-07 20:45:07,82,-8.145,159.5921,82.29,11.3
63,Isangel,75,VU,2022-02-07 20:45:08,89,-19.55,169.2667,82.51,4.61
64,Clyde River,20,CA,2022-02-07 20:41:14,61,70.4692,-68.5914,-34.37,3.44
65,Mahebourg,40,MU,2022-02-07 20:45:08,83,-20.4081,57.7,79.09,6.91
66,Jamestown,0,US,2022-02-07 20:45:08,38,42.097,-79.2353,43.92,17.27
67,Preston,100,GB,2022-02-07 20:45:09,83,53.7667,-2.7167,52.14,4.0
68,Avarua,20,CK,2022-02-07 20:45:09,74,-21.2078,-159.775,82.45,18.41
69,Lebu,0,CL,2022-02-07 20:45:09,74,-37.6167,-73.65,64.83,14.43
70,Shubarshi,100,KZ,2022-02-07 20:45:10,96,48.5872,57.1869,19.56,4.5
71,Kaeo,100,NZ,2022-02-07 20:45:10,98,-35.1,173.7833,74.32,6.17
72,Nenagh,100,IE,2022-02-07 20:45:10,78,52.8619,-8.1967,52.52,16.6
73,Severo-Kurilsk,97,RU,2022-02-07 20:45:11,85,50.6789,156.125,29.77,4.41
74,Samarai,48,PG,2022-02-07 20:45:11,79,-10.6167,150.6667,80.67,7.2
75,Palasa,6,IN,2022-02-07 20:45:11,87,18.7667,84.4167,65.68,4.5
76,Bluff,55,NZ,2022-02-07 20:45:12,75,-46.6,168.3333,54.81,5.37
77,Tadine,100,NC,2022-02-07 20:45:12,90,-21.55,167.8833,80.49,23.82
78,Kavaratti,3,IN,2022-02-07 20:45:12,72,10.5669,72.642,77.94,10.4
79,Broken Hill,40,AU,2022-02-07 20:45:13,40,-31.95,141.4333,69.51,8.05
80,Airai,85,TL,2022-02-07 20:45:13,89,-8.9266,125.4092,60.69,1.34
81,Dingle,59,PH,2022-02-07 20:45:13,92,10.9995,122.6711,74.68,7.81
82,Berezniki,100,RU,2022-02-07 20:45:14,97,59.4152,56.8124,-1.16,3.62
83,Poum,98,NC,2022-02-07 20:45:14,88,-20.2333,164.0167,81.14,32.53
84,Eyl,6,SO,2022-02-07 20:45:14,71,7.9803,49.8164,73.51,17.52
85,Sao Joao Da Barra,94,BR,2022-02-07 20:45:15,85,-21.6403,-41.0511,82.49,14.03
86,Bathurst,10,AU,2022-02-07 20:45:15,83,-33.4166,149.5806,52.83,3.33
87,Atuona,3,PF,2022-02-07 20:45:15,76,-9.8,-139.0333,78.46,17.18
88,Maumere,89,ID,2022-02-07 20:45:16,81,-8.6199,122.2111,79.99,4.34
89,Hobart,75,AU,2022-02-07 20:40:17,81,-42.8794,147.3294,60.06,0.0
90,Sinjar,56,IQ,2022-02-07 20:45:16,59,36.3209,41.8754,44.89,3.51
91,Norman Wells,75,CA,2022-02-07 20:42:18,63,65.282,-126.8329,-18.36,19.57
92,Ballina,100,AU,2022-02-07 20:45:16,86,-28.8667,153.5667,66.16,9.22
93,Naze,100,JP,2022-02-07 20:44:21,85,28.3667,129.4833,63.63,22.95
94,Mount Isa,100,AU,2022-02-07 20:45:17,88,-20.7333,139.5,73.17,6.91
95,Mindelo,20,CV,2022-02-07 20:46:17,68,16.8901,-24.9804,71.15,14.97
96,Avera,100,US,2022-02-07 20:46:18,74,33.194,-82.5271,46.74,6.82
97,Sterling,100,US,2022-02-07 20:42:33,62,39.0062,-77.4286,42.91,1.01
98,Hilo,100,US,2022-02-07 20:46:18,80,19.7297,-155.09,74.39,5.75
99,Kenai,100,US,2022-02-07 20:46:18,80,60.5544,-151.2583,24.85,13.8
100,Tamandare,4,BR,2022-02-07 20:46:19,71,-8.7597,-35.1047,80.28,11.23
101,Pauini,100,BR,2022-02-07 20:46:19,76,-7.7136,-66.9764,83.07,2.71
102,Lavrentiya,33,RU,2022-02-07 20:46:19,91,65.5833,-171.0,-26.41,12.41
103,Tiksi,64,RU,2022-02-07 20:46:20,99,71.6872,128.8694,-25.37,5.93
104,San Rafael,0,AR,2022-02-07 20:46:12,25,-34.6177,-68.3301,85.24,13.76
105,Olinda,40,BR,2022-02-07 20:46:20,65,-8.0089,-34.8553,83.93,8.05
106,Aras,100,ES,2022-02-07 20:46:21,71,42.5617,-2.356,45.01,3.44
107,Fort Nelson,100,CA,2022-02-07 20:44:47,86,58.8053,-122.7002,22.59,12.66
108,Chernyshevskiy,100,RU,2022-02-07 20:46:21,96,63.0128,112.4714,-10.82,6.55
109,Jalu,33,LY,2022-02-07 20:46:21,28,29.0331,21.5482,59.85,0.98
110,Georgetown,20,MY,2022-02-07 20:45:37,91,5.4112,100.3354,78.89,2.3
111,Saskylakh,45,RU,2022-02-07 20:46:22,100,71.9167,114.0833,-27.0,5.93
112,Walvis Bay,93,NA,2022-02-07 20:46:22,64,-22.9575,14.5053,76.15,11.5
113,Rocha,44,UY,2022-02-07 20:46:22,70,-34.4833,-54.3333,68.22,14.58
114,Vila Franca Do Campo,100,PT,2022-02-07 20:46:23,77,37.7167,-25.4333,62.2,8.03
115,Ponta Do Sol,19,PT,2022-02-07 20:46:23,75,32.6667,-17.1,64.0,10.04
116,Hithadhoo,88,MV,2022-02-07 20:46:23,68,-0.6,73.0833,82.35,15.57
117,Jacmel,30,HT,2022-02-07 20:46:24,72,18.2342,-72.5347,77.76,4.03
118,Harper,99,LR,2022-02-07 20:46:24,82,4.375,-7.7169,79.02,6.67
119,Margate,98,GB,2022-02-07 20:46:24,83,51.3813,1.3862,49.96,5.01
120,Mvuma,7,ZW,2022-02-07 20:46:25,85,-19.2792,30.5283,59.61,7.2
121,Seryshevo,100,RU,2022-02-07 20:46:25,100,51.0933,128.3786,-3.8,1.12
122,Port Shepstone,73,ZA,2022-02-07 20:46:25,83,-30.7414,30.455,73.31,8.5
123,Narsaq,100,GL,2022-02-07 20:46:26,54,60.9167,-46.05,10.62,24.92
124,Taft,0,IR,2022-02-07 20:46:26,33,31.7471,54.2088,39.15,6.91
125,Roald,75,NO,2022-02-07 20:46:27,87,62.5833,6.1333,42.33,12.66
126,Port Lincoln,96,AU,2022-02-07 20:46:27,46,-34.7333,135.8667,76.77,16.82
127,Half Moon Bay,0,US,2022-02-07 20:46:27,49,37.4636,-122.4286,71.15,5.75
128,Alice Springs,44,AU,2022-02-07 20:45:10,52,-23.7,133.8833,69.35,6.91
129,Pereira Barreto,71,BR,2022-02-07 20:46:28,70,-20.6383,-51.1092,81.73,5.93
130,Bloomingdale,40,US,2022-02-07 20:46:28,74,27.8936,-82.2404,70.93,3.0
131,Ilulissat,75,GL,2022-02-07 20:46:28,66,69.2167,-51.1,8.62,19.57
132,Nikolskoye,100,RU,2022-02-07 20:46:29,98,59.7035,30.7861,34.72,3.42
133,Angoram,100,PG,2022-02-07 20:46:29,96,-4.0625,144.0661,75.07,1.16
134,Arraial Do Cabo,75,BR,2022-02-07 20:46:30,69,-22.9661,-42.0278,82.26,4.61
135,Bambanglipuro,100,ID,2022-02-07 20:46:30,86,-7.95,110.2833,76.23,5.53
136,Vila Velha,20,BR,2022-02-07 20:46:30,79,-20.3297,-40.2925,82.35,16.11
137,Luderitz,12,NA,2022-02-07 20:46:31,63,-26.6481,15.1594,75.04,5.57
138,Katherine,99,AU,2022-02-07 20:46:31,94,-14.4667,132.2667,77.32,0.0
139,Hualmay,58,PE,2022-02-07 20:46:31,69,-11.0964,-77.6139,74.59,9.71
140,Kharp,100,RU,2022-02-07 20:46:32,100,66.8014,65.8081,-4.49,1.16
141,Rundu,67,NA,2022-02-07 20:46:32,71,-17.9333,19.7667,68.2,4.54
142,San Policarpo,100,PH,2022-02-07 20:47:32,85,12.1791,125.5072,79.12,18.32
143,Long Xuyen,59,VN,2022-02-07 20:47:33,93,10.3833,105.4167,76.95,3.62
144,Tefe,40,BR,2022-02-07 20:47:33,70,-3.3542,-64.7114,87.91,10.36
145,Torbay,75,CA,2022-02-07 20:47:33,75,47.6666,-52.7314,20.48,6.91
146,Camana,79,PE,2022-02-07 20:47:34,72,-16.6228,-72.7111,73.9,6.76
147,Akyab,3,MM,2022-02-07 20:47:34,64,20.15,92.9,60.76,9.04
148,Guerrero Negro,0,MX,2022-02-07 20:46:15,20,27.9769,-114.0611,74.16,7.61
149,Asino,77,RU,2022-02-07 20:47:35,100,56.9979,86.1452,-14.44,4.56
150,Altay,0,CN,2022-02-07 20:47:35,56,47.8667,88.1167,5.32,7.85
151,Castro,0,BR,2022-02-07 20:47:36,65,-24.7911,-50.0119,74.5,4.7
152,Saldanha,1,ZA,2022-02-07 20:47:36,96,-33.0117,17.9442,66.25,9.73
153,Saint George,0,US,2022-02-07 20:47:36,23,37.1041,-113.5841,59.34,3.0
154,Yar-Sale,100,RU,2022-02-07 20:47:37,87,66.8333,70.8333,3.4,16.04
155,Svetlogorsk,100,BY,2022-02-07 20:47:37,96,52.6333,29.7333,28.18,6.62
156,Robertsport,92,LR,2022-02-07 20:47:37,81,6.7533,-11.3686,81.12,9.35
157,Kaura Namoda,0,NG,2022-02-07 20:47:38,15,12.5898,6.5779,72.63,9.89
158,Sicuani,98,PE,2022-02-07 20:47:38,61,-14.2694,-71.2261,55.94,1.45
159,Broome,0,US,2022-02-07 20:47:38,68,42.2506,-75.833,40.69,8.05
160,Borogontsy,92,RU,2022-02-07 20:47:39,100,62.6683,131.1683,-38.51,2.59
161,Kefamenanu,67,ID,2022-02-07 20:47:39,91,-9.4467,124.4781,71.15,3.02
162,Fairbanks,100,US,2022-02-07 20:47:39,79,64.8378,-147.7164,-2.76,4.61
163,Kodiak,100,US,2022-02-07 20:47:40,93,57.79,-152.4072,27.91,4.61
164,Kaitangata,31,NZ,2022-02-07 20:47:40,72,-46.2817,169.8464,57.92,0.74
165,Manokwari,100,ID,2022-02-07 20:47:40,78,-0.8667,134.0833,78.35,2.51
166,Orsha,100,BY,2022-02-07 20:47:41,92,54.5153,30.4053,29.73,8.63
167,Maua,99,BR,2022-02-07 20:47:41,93,-23.6678,-46.4614,70.36,6.08
168,Kavieng,100,PG,2022-02-07 20:44:16,77,-2.5744,150.7967,82.11,7.34
169,Kholodnyy,27,RU,2022-02-07 20:47:41,87,62.7167,147.95,-36.29,1.03
170,Aswan,0,EG,2022-02-07 20:47:42,26,24.0934,32.907,62.26,10.29
171,Constitucion,15,CL,2022-02-07 20:47:42,68,-35.3333,-72.4167,67.89,8.16
172,Provideniya,0,RU,2022-02-07 20:47:43,59,64.3833,-173.3,-5.69,22.37
173,New Norfolk,21,AU,2022-02-07 20:47:43,68,-42.7826,147.0587,60.93,1.45
174,Iralaya,3,HN,2022-02-07 20:47:43,61,15.0,-83.2333,80.46,7.72
175,Jining,59,CN,2022-02-07 20:45:48,68,35.405,116.5814,31.28,4.59
176,Lucapa,100,AO,2022-02-07 20:47:44,94,-8.4192,20.7447,66.36,3.11
177,Kudat,20,MY,2022-02-07 20:47:45,83,6.8837,116.8477,80.53,5.01
178,Laguna,0,US,2022-02-07 20:47:38,50,38.421,-121.4238,72.95,9.22
179,Guasdualito,40,VE,2022-02-07 20:47:45,40,7.2424,-70.7324,94.96,5.75
180,San Cristobal,83,VE,2022-02-07 20:47:45,53,7.7669,-72.225,75.38,2.08
181,Muscat,6,OM,2022-02-07 20:47:46,55,23.6139,58.5922,66.22,16.62
182,Pahrump,0,US,2022-02-07 20:47:46,14,36.2083,-115.9839,62.65,5.01
183,Lagoa,66,PT,2022-02-07 20:47:46,70,39.05,-27.9833,59.16,12.24
184,Bahia Blanca,0,AR,2022-02-07 20:47:47,31,-38.7196,-62.2724,79.14,6.89
185,Bengkulu,100,ID,2022-02-07 20:47:47,87,-3.8004,102.2655,74.44,5.35
186,Berdigestyakh,100,RU,2022-02-07 20:47:48,99,62.0989,126.6992,-24.65,3.6
187,Berlevag,0,NO,2022-02-07 20:48:48,79,70.8578,29.0864,23.0,19.57
188,Ponnampet,20,IN,2022-02-07 20:48:48,96,12.15,75.9333,62.02,0.96
189,Hanzhong,81,CN,2022-02-07 20:47:37,71,33.0728,107.0303,32.2,1.05
190,Ubinskoye,5,RU,2022-02-07 20:48:49,93,55.3068,79.6802,1.44,7.72
191,Vostok,100,RU,2022-02-07 20:48:49,99,46.4856,135.8833,-5.24,3.87
192,Nantucket,100,US,2022-02-07 20:48:45,79,41.2835,-70.0995,48.31,14.97
193,Skjervoy,94,NO,2022-02-07 20:48:50,78,70.0311,20.9714,33.87,13.0
194,Tacoronte,20,ES,2022-02-07 20:48:50,63,28.4769,-16.4102,61.56,10.0
195,Sitka,100,US,2022-02-07 20:48:50,70,57.0531,-135.33,40.89,9.22
196,Ribeira Grande,20,PT,2022-02-07 20:48:51,72,38.5167,-28.7,61.2,11.5
197,Saint-Augustin,100,CA,2022-02-07 20:48:51,95,51.226,-58.6502,10.83,2.01
198,Cidreira,0,BR,2022-02-07 20:48:51,58,-30.1811,-50.2056,75.87,14.09
199,Ixtapa,8,MX,2022-02-07 20:48:52,43,20.7,-105.2,85.32,7.7
200,Mlonggo,99,ID,2022-02-07 20:48:52,84,-6.5333,110.7,71.53,8.75
201,La Libertad,0,EC,2022-02-07 20:48:52,78,-2.2333,-80.9,80.26,10.36
202,Tungor,100,RU,2022-02-07 20:48:53,94,53.3808,142.9564,11.43,18.34
203,Along,18,IN,2022-02-07 20:48:53,90,28.1667,94.7667,45.25,1.81
204,Luckenwalde,23,DE,2022-02-07 20:48:53,80,52.0833,13.1667,40.89,11.01
205,Faanui,100,PF,2022-02-07 20:48:54,77,-16.4833,-151.75,81.5,18.7
206,Faya,66,SA,2022-02-07 20:48:54,62,18.3851,42.4509,55.51,2.73
207,Kyabe,17,TD,2022-02-07 20:48:54,15,9.4515,18.9449,76.96,5.57
208,Nishihara,100,JP,2022-02-07 20:48:55,97,26.1842,127.7558,66.25,16.11
209,Bredasdorp,5,ZA,2022-02-07 20:48:55,83,-34.5322,20.0403,67.32,0.0
210,Desnogorsk,100,RU,2022-02-07 20:48:55,99,54.1508,33.2815,32.74,6.93
211,Petropavlovsk-Kamchatskiy,40,RU,2022-02-07 20:48:56,100,53.0452,158.6483,18.19,6.71
212,Olafsvik,100,IS,2022-02-07 20:48:56,89,64.8945,-23.7142,32.92,16.4
213,Ilebo,100,CD,2022-02-07 20:48:56,90,-4.3167,20.5833,73.54,1.88
214,Geraldton,0,AU,2022-02-07 20:48:57,77,-28.7667,114.6,58.12,5.75
215,Korla,89,CN,2022-02-07 20:48:57,49,41.7597,86.1469,23.11,2.75
216,Corner Brook,100,CA,2022-02-07 20:45:29,93,48.9667,-57.9484,26.73,7.94
217,Bundaberg,3,AU,2022-02-07 20:48:57,83,-24.85,152.35,68.22,6.91
218,Gboko,94,NG,2022-02-07 20:48:58,13,7.3179,8.9951,84.27,5.35
219,Channel-Port Aux Basques,100,CA,2022-02-07 20:48:58,71,47.5702,-59.1367,29.62,18.07
220,Koygorodok,100,RU,2022-02-07 20:48:59,99,60.445,50.9968,8.49,2.53
221,Mahibadhoo,52,MV,2022-02-07 20:48:59,69,3.7833,72.9667,81.16,10.56
222,Ongandjera,100,NA,2022-02-07 20:48:59,55,-17.8833,15.0667,76.75,5.39
223,Mahon,0,ES,2022-02-07 20:48:59,81,39.8885,4.2658,50.56,5.75
224,Bukachacha,100,RU,2022-02-07 20:49:00,100,52.9833,116.9167,-4.29,1.23
225,Puerto Madryn,0,AR,2022-02-07 20:49:00,23,-42.7692,-65.0385,86.02,29.64
226,Lieksa,100,FI,2022-02-07 20:49:01,98,63.3167,30.0167,26.1,4.45
227,Tokur,100,RU,2022-02-07 20:49:01,99,53.1333,132.9,-18.18,2.33
228,Barentu,8,ER,2022-02-07 20:49:01,55,15.1139,37.5928,65.44,3.76
229,Ostashkov,100,RU,2022-02-07 20:49:02,86,57.1467,33.1075,32.88,8.79
230,Tranas,15,SE,2022-02-07 20:49:02,86,58.0372,14.9782,32.58,4.83
231,Komsomolskiy,75,UZ,2022-02-07 20:49:02,87,40.4272,71.7189,36.32,4.61
232,Tocopilla,21,CL,2022-02-07 20:49:03,64,-22.092,-70.1979,72.72,11.07
233,Gambat,15,PK,2022-02-07 20:49:03,34,27.3515,68.5205,59.09,6.67
234,Raymond,100,US,2022-02-07 20:50:03,83,43.9015,-70.4703,35.58,1.36
235,Lasa,42,IT,2022-02-07 20:50:04,85,46.6166,10.7002,27.86,9.08
236,Bilma,0,NE,2022-02-07 20:50:05,12,18.6853,12.9164,64.06,9.28
237,Whitehorse,100,CA,2022-02-07 20:45:45,52,60.7161,-135.0538,34.11,12.66
238,Portland,100,US,2022-02-07 20:45:48,86,45.5234,-122.6762,51.21,4.61
239,Tete,24,MZ,2022-02-07 20:50:06,92,-16.1564,33.5867,72.46,0.29
240,Sioux Lookout,100,CA,2022-02-07 20:50:06,67,50.1001,-91.917,14.07,8.05
241,Phonhong,54,LA,2022-02-07 20:50:06,76,18.5007,102.4166,66.43,3.69
242,Oranjemund,2,NA,2022-02-07 20:50:07,72,-28.55,16.4333,68.0,8.95
243,Bagdarin,100,RU,2022-02-07 20:50:07,98,54.4333,113.6,-3.35,1.7
244,Nome,0,US,2022-02-07 20:50:07,49,64.5011,-165.4064,-5.73,25.32
245,Nenjiang,78,CN,2022-02-07 20:50:08,100,49.1833,125.2167,-17.7,2.86
246,Cochabamba,75,BO,2022-02-07 20:50:08,52,-17.3895,-66.1568,69.55,4.61
247,Khatanga,100,RU,2022-02-07 20:50:09,98,71.9667,102.5,-19.48,9.73
248,Mitsamiouli,40,KM,2022-02-07 20:50:09,83,-11.3847,43.2844,82.69,9.22
249,Zhezkazgan,96,KZ,2022-02-07 20:50:09,98,47.8043,67.7144,11.95,5.59
250,Kayes,2,ML,2022-02-07 20:50:10,8,14.0,-11.0,82.83,7.65
251,Nuuk,100,GL,2022-02-07 20:50:10,84,64.1835,-51.7216,0.88,11.99
252,Limbe,49,CM,2022-02-07 20:50:10,67,4.0242,9.2149,81.45,4.47
253,Dryden,100,CA,2022-02-07 20:50:11,72,49.7833,-92.7503,10.69,12.66
254,Baringo,100,KE,2022-02-07 20:50:11,47,0.4667,35.9667,74.44,3.74
255,Solnechnyy,96,RU,2022-02-07 20:50:12,97,50.7214,136.6319,-10.05,2.95
256,Koshurnikovo,77,RU,2022-02-07 20:50:12,100,54.1667,93.3,-13.85,3.42
257,Haines Junction,92,CA,2022-02-07 20:50:12,35,60.7522,-137.5108,35.55,8.05
258,Labuhan,100,ID,2022-02-07 20:50:13,87,-6.8844,112.2051,77.58,7.63
259,Golitsyno,100,RU,2022-02-07 20:50:13,100,55.6122,36.9833,31.87,6.71
260,Storforshei,75,NO,2022-02-07 20:50:13,86,66.4043,14.5233,31.78,6.91
261,Daru,100,PG,2022-02-07 20:50:14,87,-9.0763,143.2092,78.17,2.51
262,Mgandu,99,TZ,2022-02-07 20:50:14,90,-5.95,34.1333,58.68,1.23
263,Price,0,US,2022-02-07 20:50:15,33,39.5994,-110.8107,46.11,4.61
264,Cabo San Lucas,0,MX,2022-02-07 20:50:15,47,22.8909,-109.9124,79.61,1.01
265,Tezpur,100,IN,2022-02-07 20:50:15,76,26.6333,92.8,57.87,4.34
266,Chiredzi,6,ZW,2022-02-07 20:50:16,77,-21.05,31.6667,69.28,2.86
267,Saint-Gaudens,93,FR,2022-02-07 20:50:16,92,43.0833,0.6667,48.33,1.99
268,Krasnyy Yar,20,RU,2022-02-07 20:50:17,93,46.5331,48.3456,28.33,1.88
269,Torit,91,SS,2022-02-07 20:50:17,24,4.4133,32.5678,81.39,0.65
270,Kalat,1,PK,2022-02-07 20:50:17,45,29.0225,66.5916,40.66,4.65
271,Sobradinho,59,BR,2022-02-07 20:50:18,74,-12.8333,-39.1,79.21,8.01
272,Landeck,26,AT,2022-02-07 20:50:18,91,47.1301,10.5636,26.67,6.44
273,Aberystwyth,100,GB,2022-02-07 20:50:18,89,52.4155,-4.0829,51.3,17.25
274,Kabanjahe,100,ID,2022-02-07 20:50:19,93,3.1001,98.4908,57.42,2.57
275,Khuzdar,81,PK,2022-02-07 20:50:19,50,27.7384,66.6434,55.6,5.12
276,Irbeyskoye,99,RU,2022-02-07 20:50:19,96,55.6428,95.4522,7.72,7.11
277,Verkhneyarkeyevo,100,RU,2022-02-07 20:50:20,97,55.4505,54.3145,18.07,3.11
278,Bonthe,99,SL,2022-02-07 20:50:20,85,7.5264,-12.505,79.38,8.66
279,Yulara,100,AU,2022-02-07 20:51:21,57,-25.2406,130.9889,76.84,6.91
280,Karratha,100,AU,2022-02-07 20:51:21,71,-20.7377,116.8463,81.23,13.4
281,Honningsvag,99,NO,2022-02-07 20:51:21,89,70.9821,25.9704,22.53,15.08
282,Kerema,100,PG,2022-02-07 20:51:21,80,-7.9631,145.7785,78.12,2.73
283,Tasiilaq,100,GL,2022-02-07 20:51:22,49,65.6145,-37.6368,22.64,35.28
284,Halifax,100,CA,2022-02-07 20:51:13,85,44.6453,-63.5724,35.1,8.05
285,Coari,100,BR,2022-02-07 20:51:22,94,-4.085,-63.1414,75.43,1.45
286,Amapa,100,BR,2022-02-07 20:51:23,98,1.0,-52.0,74.84,3.51
287,Salamiyah,48,SY,2022-02-07 20:51:23,93,35.0113,37.0532,48.11,6.04
288,Anloga,54,GH,2022-02-07 20:51:23,80,5.7947,0.8973,84.42,9.01
289,Cayenne,75,GF,2022-02-07 20:51:23,81,4.9333,-52.3333,82.44,10.36
290,Saint-Georges,75,GD,2022-02-07 20:47:42,65,12.0564,-61.7485,83.88,20.71
291,Trenggalek,100,ID,2022-02-07 20:51:24,92,-8.05,111.7167,74.55,4.07
292,Cam Ranh,20,VN,2022-02-07 20:51:24,88,11.9214,109.1591,73.36,3.44
293,Gimli,100,CA,2022-02-07 20:51:25,73,50.6336,-96.9907,20.12,16.11
294,Igarka,25,RU,2022-02-07 20:51:25,100,67.4667,86.5833,-33.11,3.38
295,East London,3,ZA,2022-02-07 20:51:25,88,-33.0153,27.9116,74.98,12.93
296,Dover,100,US,2022-02-07 20:47:01,98,39.1582,-75.5244,40.01,8.05
297,Tuatapere,0,NZ,2022-02-07 20:51:26,60,-46.1333,167.6833,54.82,3.87
298,Krasnoselkup,38,RU,2022-02-07 20:51:26,100,65.7,82.4667,-27.09,5.66
299,Caravelas,64,BR,2022-02-07 20:51:27,78,-17.7125,-39.2481,79.47,7.16
300,Gerash,0,IR,2022-02-07 20:51:27,48,27.6652,54.1371,48.34,5.95
301,Batagay-Alyta,96,RU,2022-02-07 20:51:27,95,67.8006,130.4114,-29.87,4.54
302,Nanortalik,100,GL,2022-02-07 20:51:28,70,60.1432,-45.2371,11.14,49.37
303,Esso,100,RU,2022-02-07 20:51:28,98,55.9333,158.7,6.6,3.67
304,Pitimbu,29,BR,2022-02-07 20:51:28,67,-7.4706,-34.8086,84.79,11.65
305,Tual,35,ID,2022-02-07 20:51:29,75,-5.6667,132.75,82.76,4.32
306,Maceio,20,BR,2022-02-07 20:51:29,61,-9.6658,-35.7353,85.44,14.97
307,Pimenta Bueno,100,BR,2022-02-07 20:51:29,89,-11.6725,-61.1936,77.49,2.84
308,Malanje,95,AO,2022-02-07 20:51:29,82,-9.5402,16.341,62.6,1.97
309,La Orilla,6,MX,2022-02-07 20:51:30,53,17.9833,-102.2333,82.65,9.4
310,Muli,38,MV,2022-02-07 20:51:30,72,2.9167,73.5667,81.66,13.22
311,Aguimes,0,ES,2022-02-07 20:51:31,82,27.9054,-15.4461,63.23,13.8
312,Pyshma,70,RU,2022-02-07 20:51:31,96,56.9523,63.2513,5.23,5.35
313,Port Augusta,23,AU,2022-02-07 20:51:31,34,-32.5,137.7667,78.94,3.96
314,Khanskaya,100,RU,2022-02-07 20:51:32,66,44.677,39.9616,36.43,6.53
315,Mount Gambier,6,AU,2022-02-07 20:51:32,59,-37.8333,140.7667,60.71,8.05
316,Magaria,3,NE,2022-02-07 20:51:32,14,12.9983,8.9099,69.87,10.22
317,Ulladulla,77,AU,2022-02-07 20:51:33,88,-35.35,150.4667,64.87,7.58
318,Upernavik,100,GL,2022-02-07 20:51:33,93,72.7868,-56.1549,-7.91,11.9
319,Filadelfia,100,US,2022-02-07 20:47:09,93,39.9523,-75.1638,38.7,5.75
320,Maniitsoq,100,GL,2022-02-07 20:51:33,88,65.4167,-52.9,0.91,11.5
321,Nagato,100,JP,2022-02-07 20:51:34,60,34.3833,131.2,40.91,3.6
322,Namibe,100,AO,2022-02-07 20:51:34,73,-15.1961,12.1522,74.35,9.86
323,Srivardhan,40,IN,2022-02-07 20:51:34,86,18.0333,73.0167,69.04,6.55
324,Opuwo,99,NA,2022-02-07 20:51:35,62,-18.0607,13.84,72.39,4.68
325,Santo Tomas,98,PH,2022-02-07 20:51:35,94,14.1079,121.1414,75.58,6.44
326,Anadyr,76,RU,2022-02-07 20:51:35,68,64.75,177.4833,-25.1,8.95
327,Yenagoa,5,NG,2022-02-07 20:52:36,73,4.9247,6.2642,80.24,6.22
328,Key Largo,6,US,2022-02-07 20:52:36,70,25.0865,-80.4473,81.01,6.85
329,Pampa,0,US,2022-02-07 20:52:36,28,35.5362,-100.9599,54.14,10.36
330,Evanston,75,US,2022-02-07 20:49:06,59,42.0411,-87.6901,28.11,6.91
331,La Ronge,100,CA,2022-02-07 20:52:37,56,55.1001,-105.2842,39.45,5.75
332,Kota Kinabalu,20,MY,2022-02-07 20:52:37,88,5.9749,116.0724,76.87,3.44
333,Kegums,100,LV,2022-02-07 20:52:38,93,56.7451,24.7244,35.1,7.43
334,Champerico,13,GT,2022-02-07 20:52:38,61,14.3,-91.9167,91.94,12.17
335,Rabo De Peixe,20,PT,2022-02-07 20:52:38,95,37.8,-25.5833,61.29,11.5
336,Lakselv,75,NO,2022-02-07 20:52:39,79,70.0513,24.9718,19.22,16.11
337,Talnakh,47,RU,2022-02-07 20:52:39,98,69.4865,88.3972,-21.24,8.72
338,Hambantota,100,LK,2022-02-07 20:52:39,79,6.1241,81.1185,76.95,5.08
339,Caramay,100,PH,2022-02-07 20:52:40,90,10.1815,119.236,76.32,4.16
340,Sao Miguel Do Araguaia,98,BR,2022-02-07 20:52:40,89,-13.275,-50.1628,76.8,2.28
341,Denpasar,40,ID,2022-02-07 20:51:14,88,-8.65,115.2167,80.26,1.14
342,Kolondieba,2,ML,2022-02-07 20:52:41,12,11.0882,-6.8926,78.67,4.45
343,Silver City,0,US,2022-02-07 20:52:41,31,32.7701,-108.2803,50.92,13.8
344,San Patricio,0,US,2022-02-07 20:52:41,33,28.017,-97.5169,68.41,14.47
345,Muisne,96,EC,2022-02-07 20:52:42,75,0.6,-80.0333,80.71,7.05
346,Belyy Yar,71,RU,2022-02-07 20:52:42,74,53.6039,91.3903,-13.11,2.24
347,Hwange,6,ZW,2022-02-07 20:52:42,89,-18.3693,26.5019,67.51,1.81
348,Araxa,40,BR,2022-02-07 20:49:42,88,-19.5933,-46.9406,73.36,6.91
349,Asau,100,RO,2022-02-07 20:52:43,97,46.4333,26.4,37.76,4.07
350,Acapulco,79,MX,2022-02-07 20:51:30,59,16.8634,-99.8901,83.88,11.74
351,Susehri,16,TR,2022-02-07 20:52:43,88,40.1644,38.0867,15.8,2.62
352,Ilhabela,100,BR,2022-02-07 20:52:44,89,-23.7781,-45.3581,73.87,9.04
353,Vardo,75,NO,2022-02-07 20:52:44,86,70.3705,31.1107,24.78,9.22
354,Torata,75,PE,2022-02-07 20:52:44,49,-17.0769,-70.8433,66.09,10.2
355,Ivanovka,100,KG,2022-02-07 20:52:45,82,42.8878,75.085,28.83,0.51
356,Tabuk,47,PH,2022-02-07 20:52:45,94,17.4189,121.4443,68.54,2.39
357,Udachnyy,99,RU,2022-02-07 20:52:45,100,66.4167,112.4,-27.38,4.76
358,Ullapool,100,GB,2022-02-07 20:52:46,83,57.8987,-5.1604,47.75,24.36
359,Fukue,100,JP,2022-02-07 20:52:46,76,32.6881,128.8419,42.71,13.13
360,Aklavik,40,CA,2022-02-07 20:52:46,68,68.2191,-135.0107,-25.6,11.5
361,Hohhot,0,CN,2022-02-07 20:52:46,51,40.8106,111.6522,1.69,0.0
362,Souillac,40,MU,2022-02-07 20:52:47,83,-20.5167,57.5167,79.18,6.91
363,Anchorage,0,US,2022-02-07 20:51:08,79,61.2181,-149.9003,24.94,6.91
364,La Solana,0,ES,2022-02-07 20:52:47,56,38.9442,-3.2381,46.27,10.42
365,Taoudenni,0,ML,2022-02-07 20:52:47,11,22.6783,-3.9836,70.86,11.48
366,Elat,0,IL,2022-02-07 20:52:48,39,29.5581,34.9482,62.44,5.75
367,Luneville,0,FR,2022-02-07 20:52:48,85,48.6,6.5,35.02,6.44
368,Bandar-E Lengeh,0,IR,2022-02-07 20:52:49,40,26.5579,54.8807,66.07,13.24
369,Kiunga,100,PG,2022-02-07 20:52:49,99,-6.1219,141.2906,73.54,0.58
370,Olga,0,RU,2022-02-07 20:52:49,78,43.7444,135.2892,8.94,5.44
371,Goundam,0,ML,2022-02-07 20:52:49,10,16.4145,-3.6708,71.82,9.71
372,Henties Bay,54,NA,2022-02-07 20:53:50,88,-22.116,14.2845,70.86,4.83
373,Vilcun,0,CL,2022-02-07 20:53:50,23,-38.65,-72.2333,75.94,11.88
374,Nyurba,100,RU,2022-02-07 20:53:51,97,63.2842,118.3319,-13.4,6.49
375,Warkworth,100,NZ,2022-02-07 20:53:51,96,-36.4,174.6667,75.9,7.74
376,Leningradskiy,7,RU,2022-02-07 20:53:51,96,69.3833,178.4167,-29.33,5.01
377,Inhambane,41,MZ,2022-02-07 20:53:51,82,-23.865,35.3833,77.18,12.68
378,Mezen,78,RU,2022-02-07 20:53:52,95,65.8522,44.24,8.46,8.21
379,Manikpur,0,IN,2022-02-07 20:53:52,55,25.0667,81.1167,54.72,3.33
380,Chauny,20,FR,2022-02-07 20:53:52,87,49.6151,3.2186,41.74,6.91
381,Marawi,93,PH,2022-02-07 20:53:53,81,7.9986,124.2928,65.64,1.39
382,Lake Havasu City,0,US,2022-02-07 20:50:18,10,34.4839,-114.3224,70.11,10.36
383,Puerto Escondido,9,MX,2022-02-07 20:53:01,60,15.85,-97.0667,84.4,7.9
384,De-Kastri,100,RU,2022-02-07 20:53:53,91,51.4667,140.7833,3.24,10.65
385,Katsuura,100,JP,2022-02-07 20:53:54,72,35.1333,140.3,41.18,9.37
386,Umm Lajj,0,SA,2022-02-07 20:53:54,41,25.0213,37.2685,69.48,14.52
387,Victoria,86,HK,2022-02-07 20:53:22,85,22.2855,114.1577,64.26,11.01
388,Altamont,73,US,2022-02-07 20:53:54,35,42.2068,-121.7372,54.9,1.99
389,Chino Valley,0,US,2022-02-07 20:53:55,18,34.7575,-112.4538,59.36,3.0
390,Ostrovnoy,100,RU,2022-02-07 20:53:55,88,68.0531,39.5131,16.27,19.46
391,Pisco,0,PE,2022-02-07 20:53:55,83,-13.7,-76.2167,74.01,8.05
392,Bontang,100,ID,2022-02-07 20:53:56,88,0.1333,117.5,76.62,7.63
393,Nikolayevka,89,RU,2022-02-07 20:53:56,94,53.1257,47.2041,23.31,6.49
394,Benjamin Constant,75,BR,2022-02-07 20:53:57,89,-4.3831,-70.0311,82.45,5.75
395,Cabo Rojo,29,PR,2022-02-07 20:53:57,77,18.0866,-67.1457,82.18,1.99
396,Port Hardy,75,CA,2022-02-07 20:53:57,93,50.6996,-127.4199,46.58,6.91
397,Vao,95,NC,2022-02-07 20:53:58,86,-22.6667,167.4833,80.31,20.42
398,Kargil,100,IN,2022-02-07 20:53:58,95,34.5667,76.1,-4.23,3.2
399,Araouane,3,ML,2022-02-07 20:53:58,10,18.9048,-3.5265,68.72,9.15
400,Kombissiri,0,BF,2022-02-07 20:53:59,15,12.0656,-1.3375,80.58,7.67
401,Bonavista,100,CA,2022-02-07 20:53:59,59,48.6499,-53.1147,21.11,18.21
402,Kingsport,100,US,2022-02-07 20:53:22,49,36.5484,-82.5618,50.61,4.0
403,Boyolangu,100,ID,2022-02-07 20:53:59,89,-8.1181,111.8935,74.62,7.34
404,Zamora,99,EC,2022-02-07 20:54:00,84,-4.0692,-78.9567,81.64,2.51
405,Evensk,62,RU,2022-02-07 20:54:00,65,61.95,159.2333,-0.8,8.97
406,Shitanjing,51,CN,2022-02-07 20:54:00,90,39.2342,106.3439,13.78,2.91
407,Lata,2,PT,2022-02-07 20:54:01,59,40.1629,-8.3327,50.41,3.94
408,Dongkan,88,CN,2022-02-07 20:54:01,74,33.9997,119.8308,30.11,5.99
409,Nicoya,26,CR,2022-02-07 20:54:02,38,10.1483,-85.452,90.95,3.58
410,Chapais,100,CA,2022-02-07 20:54:02,91,49.7834,-74.8492,11.98,5.93
411,Macia,9,MZ,2022-02-07 20:54:03,89,-25.0269,33.0989,72.84,6.69
412,Beringovskiy,16,RU,2022-02-07 20:54:03,93,63.05,179.3167,-20.36,11.27
413,Te Anau,3,NZ,2022-02-07 20:54:04,66,-45.4167,167.7167,54.3,0.43
414,Port Macquarie,74,AU,2022-02-07 20:52:08,80,-31.4333,152.9167,61.9,8.32
415,Tarancon,0,ES,2022-02-07 20:54:04,55,40.0085,-3.0073,50.49,11.95
416,Kuching,40,MY,2022-02-07 20:54:04,94,1.55,110.3333,75.42,1.14
417,Mbandaka,28,CD,2022-02-07 20:55:05,36,0.0487,18.2603,77.29,3.58
418,Gurupa,79,BR,2022-02-07 20:55:05,91,-1.405,-51.64,78.64,3.29
419,Raudeberg,100,NO,2022-02-07 20:55:05,91,61.9875,5.1352,41.2,15.01
420,Rio Grande,13,BR,2022-02-07 20:50:16,61,-32.035,-52.0986,78.91,17.63
421,Tanout,0,NE,2022-02-07 20:55:06,11,14.9709,8.8879,66.29,11.88
422,San Quintin,0,MX,2022-02-07 20:55:06,23,30.4833,-115.95,69.04,8.99
423,Santa Cruz De La Palma,40,ES,2022-02-07 20:55:07,72,28.6835,-17.7642,66.34,10.36
424,Havelock,100,US,2022-02-07 20:55:07,94,34.8791,-76.9013,53.58,16.11
425,Svetlyy,26,RU,2022-02-07 20:55:07,78,54.675,20.1347,37.96,13.69
426,Behbahan,0,IR,2022-02-07 20:55:08,61,30.5959,50.2417,47.52,5.68
427,Hamilton,40,US,2022-02-07 20:55:08,56,39.1834,-84.5333,40.41,11.5
428,Azul,0,AR,2022-02-07 20:51:22,51,-36.777,-59.8585,73.35,3.71
429,Okha,100,RU,2022-02-07 20:55:09,94,53.5739,142.9478,13.48,17.18
430,Develi,67,TR,2022-02-07 20:55:09,84,38.3906,35.4922,27.75,5.12
431,Saint-Francois,0,FR,2022-02-07 20:55:10,90,46.4154,3.9054,34.41,4.61
432,Comodoro Rivadavia,0,AR,2022-02-07 20:55:10,28,-45.8667,-67.5,85.86,18.41
433,Kutum,0,SD,2022-02-07 20:55:10,19,14.2,24.6667,55.13,8.57
434,Zharkent,79,KZ,2022-02-07 20:55:11,56,44.1628,80.0,25.07,1.83
435,Sahibganj,0,IN,2022-02-07 20:55:11,59,25.25,87.65,57.51,3.13
436,Deputatskiy,80,RU,2022-02-07 20:55:12,95,69.3,139.9,-35.1,3.89
437,Huarmey,75,PE,2022-02-07 20:55:12,71,-10.0681,-78.1522,74.62,10.74
438,Pontian Kecil,100,MY,2022-02-07 20:55:12,87,1.4801,103.3899,77.38,7.94
439,Lock Haven,100,US,2022-02-07 20:55:13,72,41.137,-77.4469,42.08,2.68
440,Westerland,100,DE,2022-02-07 20:55:13,87,54.9079,8.3033,42.82,16.11
441,Sehithwa,7,BW,2022-02-07 20:55:13,56,-20.4667,22.7167,71.83,4.88
442,Sur,0,OM,2022-02-07 20:55:14,64,22.5667,59.5289,67.17,0.49
443,Xai-Xai,21,MZ,2022-02-07 20:55:14,86,-25.0519,33.6442,75.2,10.18
444,Jogindarnagar,0,IN,2022-02-07 20:55:14,49,31.9833,76.7667,45.81,8.3
445,Bodo,75,NO,2022-02-07 20:55:15,86,67.28,14.405,30.24,13.8
446,Coihaique,100,CL,2022-02-07 20:55:15,35,-45.5752,-72.0662,77.61,11.86
447,Sibolga,100,ID,2022-02-07 20:55:15,76,1.7427,98.7792,76.26,2.55
448,Ovsyanka,100,RU,2022-02-07 20:55:16,98,55.9575,92.5519,6.22,3.69
449,Xinpu,100,CN,2022-02-07 20:55:16,55,34.5997,119.1594,30.49,4.09
450,Meadow Lake,0,US,2022-02-07 20:55:16,39,34.8014,-106.5436,46.42,7.36
451,Cabra,0,ES,2022-02-07 20:55:16,50,37.4725,-4.4421,48.18,3.85
452,Mayo,100,US,2022-02-07 20:55:17,88,38.8876,-76.5119,43.66,4.61
453,Wyndham,100,US,2022-02-07 20:55:17,90,37.6985,-77.6125,38.91,0.0
454,Lorengau,93,PG,2022-02-07 20:55:17,79,-2.0226,147.2712,81.81,7.25
455,Tselinnoye,100,RU,2022-02-07 20:55:18,99,53.0833,85.6667,0.14,2.91
456,Shubarkuduk,100,KZ,2022-02-07 20:55:18,97,49.1447,56.4872,19.35,4.09
457,Kulhudhuffushi,12,MV,2022-02-07 20:55:18,72,6.6221,73.07,79.68,10.49
458,Sorland,100,NO,2022-02-07 20:55:19,76,67.667,12.6934,36.72,8.25
459,La Rioja,90,ES,2022-02-07 20:55:19,89,42.25,-2.5,40.78,4.41
460,Dromolaxia,0,CY,2022-02-07 20:55:20,87,34.8761,33.586,59.99,5.75
461,Rafsanjan,2,IR,2022-02-07 20:55:20,34,30.4067,55.9939,43.05,8.46
462,Papetoai,100,PF,2022-02-07 20:55:20,74,-17.4961,-149.8729,85.59,18.99
463,Sisophon,83,KH,2022-02-07 20:55:20,60,13.5859,102.9737,79.21,1.83
464,Diamantino,62,BR,2022-02-07 20:51:17,81,-14.4086,-56.4461,81.21,2.33
465,Lompoc,0,US,2022-02-07 20:56:21,35,34.6391,-120.4579,78.1,4.0
466,Bulawayo,4,ZW,2022-02-07 20:56:21,87,-20.15,28.5833,60.55,7.99
467,Alofi,100,NU,2022-02-07 20:56:22,69,-19.0595,-169.9187,79.2,10.09
468,Port-Cartier,100,CA,2022-02-07 20:56:22,95,50.0334,-66.8654,17.74,4.52
469,Kloulklubed,65,PW,2022-02-07 20:56:22,79,7.0419,134.2556,82.51,21.56
470,Ginir,17,ET,2022-02-07 20:56:23,39,7.1333,40.7,59.59,1.39
471,Christchurch,100,NZ,2022-02-07 20:56:23,77,-43.5333,172.6333,64.9,2.3
472,Ariquemes,64,BR,2022-02-07 20:56:23,71,-9.9133,-63.0408,83.3,2.8
473,Oistins,40,BB,2022-02-07 20:56:24,65,13.0667,-59.5333,82.49,21.85
474,Morant Bay,19,JM,2022-02-07 20:56:24,71,17.8815,-76.4093,82.02,8.41
475,Touros,64,BR,2022-02-07 20:56:24,68,-5.1989,-35.4608,83.3,15.86
476,Mehamn,0,NO,2022-02-07 20:56:25,74,71.0357,27.8492,22.95,13.8
477,Pangnirtung,75,CA,2022-02-07 20:56:25,68,66.1451,-65.7125,-25.6,3.44
478,Kovdor,100,RU,2022-02-07 20:56:25,97,67.5662,30.4758,11.1,4.81
479,Nueve De Julio,0,AR,2022-02-07 20:56:26,48,-35.4444,-60.8831,73.71,5.35
480,Nadym,100,RU,2022-02-07 20:56:26,91,65.5333,72.5167,-3.53,14.81
481,Axim,93,GH,2022-02-07 20:56:26,87,4.8699,-2.2405,78.69,6.31
482,Prince George,100,CA,2022-02-07 20:56:27,51,53.9166,-122.753,46.29,31.07
483,General Roca,0,AR,2022-02-07 20:56:27,14,-39.0333,-67.5833,91.8,14.88
484,Floriano,80,BR,2022-02-07 20:56:27,69,-6.7669,-43.0225,83.52,4.09
485,Zhigansk,94,RU,2022-02-07 20:56:28,98,66.7697,123.3711,-31.83,10.87
486,Klaksvik,61,FO,2022-02-07 20:56:28,64,62.2266,-6.589,36.52,37.18
487,Tomatlan,6,MX,2022-02-07 20:56:28,32,19.9333,-105.25,91.76,12.59
488,Cabedelo,45,BR,2022-02-07 20:56:29,66,-6.9811,-34.8339,84.87,11.63
489,Alta Floresta,40,BR,2022-02-07 20:56:29,100,-9.8756,-56.0861,73.22,5.75
490,Goderich,100,CA,2022-02-07 20:56:29,86,43.7501,-81.7165,30.9,12.66
491,Tigre,0,AR,2022-02-07 20:56:30,49,-34.426,-58.5796,77.05,8.05
492,Viedma,0,AR,2022-02-07 20:56:30,24,-40.8135,-62.9967,83.39,15.08
493,Fayaoue,100,NC,2022-02-07 20:56:30,88,-20.65,166.5333,82.26,31.47
494,Ambatondrazaka,72,MG,2022-02-07 20:56:31,94,-17.8333,48.4167,66.56,3.13
495,Filotion,64,GR,2022-02-07 20:56:31,73,37.05,25.5,57.56,25.01
496,Ahipara,85,NZ,2022-02-07 20:56:31,89,-35.1667,173.1667,76.03,7.61
497,Thouars,40,FR,2022-02-07 20:56:31,83,46.976,-0.2151,43.63,2.15
498,Whyalla,41,AU,2022-02-07 20:56:32,29,-33.0333,137.5833,78.69,12.66
499,Magdalena,100,PH,2022-02-07 20:56:32,91,14.1999,121.429,76.32,7.29
500,Portlethen,75,GB,2022-02-07 20:56:33,88,57.0547,-2.1307,51.76,19.57
501,Moroni,40,KM,2022-02-07 20:56:33,83,-11.7022,43.2551,82.4,9.22
502,Ketchikan,75,US,2022-02-07 20:51:53,81,55.3422,-131.6461,43.27,4.61
503,Porto Novo,100,BJ,2022-02-07 20:52:00,82,6.4965,2.6036,84.02,7.76
504,San Javier,0,ES,2022-02-07 20:56:33,77,37.8063,-0.8374,55.22,3.0
505,Pedernales,39,DO,2022-02-07 20:56:34,63,18.0384,-71.744,81.9,2.82
506,Balabac,98,PH,2022-02-07 20:56:34,78,7.9868,117.0645,79.5,13.06
507,Yerbogachen,99,RU,2022-02-07 20:56:34,100,61.2767,108.0108,-22.36,4.14
508,Kalmunai,100,LK,2022-02-07 20:56:35,82,7.4167,81.8167,76.32,9.15
509,Visby,4,SE,2022-02-07 20:56:35,69,57.6409,18.296,35.82,18.41
510,Rivadavia,0,AR,2022-02-07 20:56:35,25,-33.1905,-68.4608,88.27,12.3
511,Saginaw,100,US,2022-02-07 20:57:36,77,43.3334,-84.0333,30.34,10.36
512,Saravan,26,AM,2022-02-07 20:57:36,84,39.7196,45.6483,20.05,6.22
513,Yarada,20,IN,2022-02-07 20:57:36,88,17.65,83.2667,70.12,2.3
514,Haimen,48,CN,2022-02-07 20:57:37,89,23.1935,116.6142,57.09,9.24
515,Oktyabrskoye,66,RU,2022-02-07 20:57:37,68,43.0645,44.7417,28.54,0.0
516,Taksimo,100,RU,2022-02-07 20:57:37,97,56.3444,114.8794,-6.57,0.31
517,Yakeshi,100,CN,2022-02-07 20:57:38,100,49.2833,120.7333,-15.23,2.75
518,Nioro,18,GM,2022-02-07 20:57:38,20,13.35,-15.75,82.69,7.85
519,Genthin,70,DE,2022-02-07 20:57:38,84,52.4,12.1667,42.35,12.93
520,Horta,20,PT,2022-02-07 20:57:39,72,38.5333,-28.6333,60.44,11.5
521,Gotsu,100,JP,2022-02-07 20:57:39,64,35.0,132.2167,39.07,3.06
522,Iranshahr,0,IR,2022-02-07 20:57:39,41,27.2025,60.6848,61.14,6.91
523,Flinders,62,AU,2022-02-07 20:57:40,81,-34.5833,150.8552,65.37,7.76
524,Aginskoye,98,RU,2022-02-07 20:57:40,99,51.1,114.53,0.25,2.08
525,Kieta,100,PG,2022-02-07 20:57:40,83,-6.2167,155.6333,81.73,8.52
526,Dunedin,30,NZ,2022-02-07 20:57:41,75,-45.8742,170.5036,57.92,4.21
527,Lardos,80,GR,2022-02-07 20:57:41,82,36.0942,28.0157,57.94,15.46
528,Carballo,30,ES,2022-02-07 20:57:42,96,43.213,-8.691,51.87,4.03
529,Malindi,33,KE,2022-02-07 20:57:42,84,-3.2175,40.1191,76.48,11.63
530,Sao Jose Da Coroa Grande,3,BR,2022-02-07 20:57:42,71,-8.8978,-35.1478,80.19,12.01
531,Takayama,100,JP,2022-02-07 20:57:43,88,36.1333,137.25,26.94,1.19
532,Oliveira Dos Brejinhos,96,BR,2022-02-07 20:57:43,64,-12.3169,-42.8961,79.75,3.02
533,Fort Myers Beach,57,US,2022-02-07 20:57:12,75,26.452,-81.9481,79.05,5.01
534,Venice,40,US,2022-02-07 20:56:22,73,27.0998,-82.4543,75.16,10.36
535,Grand Gaube,59,MU,2022-02-07 20:55:07,87,-20.0064,57.6608,79.2,4.0
536,Muroto,100,JP,2022-02-07 20:57:44,71,33.2833,134.15,46.06,1.28
537,Giraltovce,30,SK,2022-02-07 20:57:44,85,49.114,21.5173,38.3,8.59
538,Libreville,6,GA,2022-02-07 20:54:48,81,0.3925,9.4537,79.88,8.1
539,Quime,99,BO,2022-02-07 20:57:45,91,-16.9833,-67.2167,51.94,3.09
540,Bonfim,98,BR,2022-02-07 20:57:45,43,3.0833,-59.95,90.64,8.19
541,Madang,100,PG,2022-02-07 20:57:45,93,-5.2246,145.7966,76.51,5.21
542,Pizarro,87,CO,2022-02-07 20:57:46,86,4.9533,-77.366,77.92,4.99
543,Surt,93,LY,2022-02-07 20:57:46,75,31.2089,16.5887,60.24,10.69
544,Ifanadiana,99,MG,2022-02-07 20:57:46,98,-21.3,47.6333,70.05,2.75
545,Djambala,71,CG,2022-02-07 20:57:47,54,-2.5447,14.7533,74.75,2.04
546,Shenjiamen,100,CN,2022-02-07 20:57:47,81,29.9576,122.298,44.62,15.9
547,Dawson Creek,20,CA,2022-02-07 20:56:13,49,55.7666,-120.2362,42.44,29.93
548,Grindavik,75,IS,2022-02-07 20:57:48,75,63.8424,-22.4338,36.07,49.48
549,Malakal,48,SS,2022-02-07 20:57:48,18,9.5334,31.6605,75.06,5.41
550,Shimoda,100,JP,2022-02-07 20:57:48,73,34.6667,138.95,39.11,6.89
551,Ilinskaya,100,RU,2022-02-07 20:57:49,77,45.7219,40.7211,34.0,8.25
552,Khani,35,GE,2022-02-07 20:57:49,77,41.9563,42.9566,29.77,8.46
553,Edd,90,ER,2022-02-07 20:57:49,73,13.9297,41.6925,75.9,3.85
554,Husavik,15,IS,2022-02-07 20:57:50,75,66.0449,-17.3389,21.11,18.12
555,Lazaro Cardenas,11,MX,2022-02-07 20:57:50,53,17.9583,-102.2,82.74,9.28
556,Bumba,42,CD,2022-02-07 20:57:50,36,2.1833,22.4667,73.04,1.5
557,Dwarka,0,IN,2022-02-07 20:57:51,73,22.2394,68.9678,69.51,7.14
558,Salyan,7,AZ,2022-02-07 20:57:51,78,39.5936,48.9805,41.09,6.82
559,Bullhead City,0,US,2022-02-07 20:57:51,16,35.1478,-114.5683,70.86,10.0
560,Andenes,0,NO,2022-02-07 20:58:52,64,69.3143,16.1194,28.38,5.75
561,Riyadh,0,SA,2022-02-07 20:54:14,35,24.6877,46.7219,55.54,6.85
562,The Valley,20,AI,2022-02-07 20:58:52,61,18.217,-63.0578,80.46,16.11
563,Ambikapur,3,IN,2022-02-07 20:58:52,37,23.1167,83.2,52.16,1.83
564,Havre-Saint-Pierre,100,CA,2022-02-07 20:58:53,85,50.2334,-63.5986,16.39,6.91
565,Pavlogradka,59,RU,2022-02-07 20:58:53,99,54.2024,73.5592,3.7,4.23
566,Samana,20,DO,2022-02-07 20:58:53,78,19.2056,-69.3369,82.62,11.5
567,Gushikawa,100,JP,2022-02-07 20:58:54,94,26.3544,127.8686,65.79,11.5
568,Marsh Harbour,3,BS,2022-02-07 20:58:54,62,26.5412,-77.0636,75.11,6.4
569,Rio Tinto,0,PT,2022-02-07 20:58:54,56,41.1826,-8.5581,59.29,5.99
570,Kaukauna,86,US,2022-02-07 20:58:55,60,44.278,-88.272,28.0,3.0
571,Ohringen,16,DE,2022-02-07 20:58:55,85,49.2017,9.5039,38.84,10.31
572,Port Hedland,99,AU,2022-02-07 20:58:55,94,-20.3167,118.5667,82.45,6.91
573,Waldkraiburg,100,DE,2022-02-07 20:58:56,91,48.2085,12.3989,37.26,16.82
574,Salta,100,AR,2022-02-07 20:58:56,68,-24.7859,-65.4117,70.09,5.75
575,Isabela,100,PH,2022-02-07 20:58:56,74,6.7085,121.9711,78.71,1.63
576,Bajil,90,YE,2022-02-07 20:58:57,74,15.0584,43.2851,75.94,2.19
577,Uribia,51,CO,2022-02-07 20:58:57,47,11.7139,-72.266,88.74,12.71
578,Wajir,45,KE,2022-02-07 20:58:57,29,1.7471,40.0573,84.56,15.46
579,Abnub,0,EG,2022-02-07 20:58:58,36,27.2696,31.1511,56.95,6.11
580,Nova Vicosa,75,BR,2022-02-07 20:58:58,77,-17.8919,-39.3719,80.1,11.34
581,Dali,0,CN,2022-02-07 20:58:58,76,25.7,100.1833,36.68,4.79
582,Bud,46,US,2022-02-07 20:58:59,65,39.447,-86.1758,32.49,10.87
583,Stephenville Crossing,75,CA,2022-02-07 20:58:59,74,48.5,-58.4318,26.73,18.41
584,Mankera,0,PK,2022-02-07 20:58:59,52,31.3866,71.4407,55.83,5.68
585,Polson,32,US,2022-02-07 20:59:00,82,47.6936,-114.1632,42.8,3.18
586,Torrevieja,0,ES,2022-02-07 20:57:02,81,37.9787,-0.6822,55.35,0.81
587,Sangar,100,RU,2022-02-07 20:59:00,99,63.9242,127.4739,-35.91,0.98
588,Kashi,75,CN,2022-02-07 20:59:00,59,39.4547,75.9797,27.61,4.47
589,Aquiraz,15,BR,2022-02-07 20:59:01,79,-3.9014,-38.3911,84.29,8.57
590,Tazovskiy,96,RU,2022-02-07 20:59:01,100,67.4667,78.7,-12.17,8.9
591,Meulaboh,100,ID,2022-02-07 20:59:02,83,4.1363,96.1285,76.05,3.71
592,Ust-Kulom,100,RU,2022-02-07 20:59:02,97,61.6864,53.6902,8.92,4.61
593,Tomakomai,20,JP,2022-02-07 20:59:02,100,42.6369,141.6033,15.73,0.0
594,Novo Aripuana,99,BR,2022-02-07 20:59:03,80,-5.1206,-60.3797,81.41,0.72
595,College,100,US,2022-02-07 20:59:03,78,64.8569,-147.8028,-2.78,0.0
596,Kasongo,100,CD,2022-02-07 20:59:03,91,-4.45,26.6667,69.12,2.13
597,Sola,100,VU,2022-02-07 20:59:04,86,-13.8833,167.55,81.88,30.11
598,Salinas,0,US,2022-02-07 20:57:35,40,36.6777,-121.6555,73.58,4.32
599,Sao Filipe,0,CV,2022-02-07 20:59:05,77,14.8961,-24.4956,72.45,6.24
600,Port Blair,100,IN,2022-02-07 20:59:05,81,11.6667,92.75,76.48,10.69
